{
  "power": {
    "Başka S.": 9.669400876546863,
    "Bir Film": 10.623869573968571,
    "CF": 12.365454676919605,
    "CGV Mars": 12.12469506378675,
    "CJ ENM": 11.571325510146812,
    "ChF": 11.8270152816762,
    "Filmartı": 9.027538370028598,
    "M3": 11.874555646633981,
    "MC": 10.103235214713688,
    "Pin.": 12.324208400850091,
    "SİSAY": 9.9765056452727,
    "TME": 12.086020199866853,
    "UIP": 12.496641738949123,
    "WB": 12.405960899515266,
    "Özen": 10.047721791765248
  },
  "std": {
    "Başka S.": 0.5000430506436448,
    "Bir Film": 1.2161507886564715,
    "CF": 1.0953793560472862,
    "CGV Mars": 1.6080098878711024,
    "CJ ENM": 1.8887765799605662,
    "ChF": 1.4572122870142472,
    "Filmartı": 0.5424022820217892,
    "M3": 0.04485193957990581,
    "MC": 2.0706610012757523,
    "Pin.": 0.8903878346569993,
    "SİSAY": 0.0,
    "TME": 1.2303405111295092,
    "UIP": 1.2077208049591028,
    "WB": 0.9677309981597363,
    "Özen": 1.1208093571699898
  },
  "fallback_power": 12.065789404763477,
  "fallback_std": 1.0560317786097402
}